epoch,time,train/box_loss,train/cls_loss,train/dfl_loss,metrics/precision(B),metrics/recall(B),metrics/mAP50(B),metrics/mAP50-95(B),val/box_loss,val/cls_loss,val/dfl_loss,lr/pg0,lr/pg1,lr/pg2
1,2.28281,1.62634,4.35191,1.19048,0.00125,0.08333,0.00238,0.00048,1.04972,4.55243,1.02827,8.33e-06,8.33e-06,8.33e-06
2,4.58558,2.04299,4.48989,1.36642,0.00123,0.08333,0.00223,0.00045,1.01562,4.48453,1.00718,2.49281e-05,2.49281e-05,2.49281e-05
3,6.67355,1.79759,4.36661,1.2682,0.00116,0.08333,0.00217,0.00065,0.88379,4.42883,0.98665,4.14438e-05,4.14438e-05,4.14438e-05
4,8.86538,1.59851,4.31672,1.15852,0.00113,0.08333,0.00225,0.00068,0.81419,4.36658,0.95144,5.7877e-05,5.7877e-05,5.7877e-05
5,11.0354,1.52875,4.28003,1.09742,0.0022,0.16667,0.00296,0.00084,0.8804,4.34163,0.93284,7.42278e-05,7.42278e-05,7.42278e-05
6,13.2832,1.10602,4.05767,1.03416,0.00224,0.16667,0.00517,0.003,1.06819,4.28703,0.92295,9.04961e-05,9.04961e-05,9.04961e-05
7,15.4407,1.0385,4.12276,0.9758,0.00328,0.25,0.03771,0.0254,1.13924,4.24084,0.91777,0.000106682,0.000106682,0.000106682
8,17.6314,1.1848,4.01679,0.98322,0.00389,0.25,0.11443,0.07182,1.1725,4.21606,0.90702,0.000122785,0.000122785,0.000122785
9,19.8366,0.98438,3.92471,0.99857,0.00402,0.25,0.07469,0.04518,1.14855,4.21469,0.91548,0.000138806,0.000138806,0.000138806
10,21.8483,1.11198,3.86063,0.94738,0.00405,0.25,0.06978,0.04397,1.03569,4.23028,0.91317,0.000154745,0.000154745,0.000154745
11,23.8611,1.17827,3.9281,0.8958,0.00377,0.25,0.09034,0.06808,0.89251,4.22386,0.91401,0.0001706,0.0001706,0.0001706
12,25.9234,1.06134,3.80033,0.93587,0.00387,0.25,0.08349,0.05431,0.79265,4.2273,0.91305,0.000186374,0.000186374,0.000186374
13,27.9514,1.01135,3.7753,0.88306,0.00397,0.25,0.10414,0.06668,0.78922,4.2474,0.92718,0.000202065,0.000202065,0.000202065
14,30.1171,1.11573,3.66824,0.91406,0.00539,0.33333,0.14799,0.09435,0.81622,4.24562,0.92993,0.000217674,0.000217674,0.000217674
15,32.2712,1.00889,3.62086,0.84429,0.00403,0.25,0.0904,0.05764,0.84684,4.24341,0.92582,0.0002332,0.0002332,0.0002332
16,34.4231,1.09415,3.59029,0.91804,0.00412,0.25,0.08355,0.05632,0.87766,4.25086,0.93243,0.000248643,0.000248643,0.000248643
17,36.5291,1.04838,3.64961,0.8885,0.00509,0.33333,0.07758,0.05329,0.95284,4.21442,0.92863,0.000264004,0.000264004,0.000264004
18,38.7006,0.94753,3.67472,0.89677,0.00616,0.5,0.06612,0.04088,0.95318,4.22332,0.91659,0.000279283,0.000279283,0.000279283
19,40.7917,0.98864,3.55793,0.94997,0.00893,0.66667,0.06027,0.03272,0.94817,4.19715,0.90409,0.000294479,0.000294479,0.000294479
20,42.8583,1.04378,3.49124,0.95085,0.00861,0.66667,0.04832,0.02296,0.86533,4.19784,0.89925,0.000309593,0.000309593,0.000309593
21,44.9991,0.97253,3.52188,0.89222,0.00733,0.66667,0.07487,0.0264,0.8449,4.16907,0.89997,0.000324624,0.000324624,0.000324624
22,47.1791,1.03052,3.24951,0.92626,0.00642,0.58333,0.0791,0.03156,0.87554,4.14818,0.90957,0.000339573,0.000339573,0.000339573
23,49.2991,0.98652,3.14766,0.90812,0.00633,0.58333,0.15049,0.06344,0.87687,4.1429,0.90226,0.000354439,0.000354439,0.000354439
24,51.4317,1.06118,3.0157,0.90245,0.00638,0.58333,0.15171,0.09278,0.87191,4.08221,0.88954,0.000369223,0.000369223,0.000369223
25,53.593,1.02193,3.25589,0.97845,0.00668,0.58333,0.26336,0.22655,0.89267,4.00626,0.88563,0.000383925,0.000383925,0.000383925
26,55.7413,1.07147,3.1049,0.9681,0.00687,0.58333,0.2664,0.22062,0.8861,3.98195,0.88346,0.000398544,0.000398544,0.000398544
27,57.9823,0.99918,2.94493,0.93545,0.00705,0.58333,0.28686,0.204,0.86154,3.94183,0.87305,0.00041308,0.00041308,0.00041308
28,60.1242,0.94582,2.76605,0.91903,0.00705,0.58333,0.28686,0.204,0.86154,3.94183,0.87305,0.000427534,0.000427534,0.000427534
29,62.2886,1.04487,2.93668,0.87622,0.00882,0.66667,0.25801,0.19002,0.7935,3.92799,0.86999,0.000441906,0.000441906,0.000441906
30,64.3997,1.01515,2.50793,0.90186,0.00915,0.66667,0.25386,0.19099,0.77165,3.8888,0.86858,0.000456195,0.000456195,0.000456195
31,66.4069,1.01388,2.701,0.88985,0.00915,0.66667,0.25386,0.19099,0.77165,3.8888,0.86858,0.000470401,0.000470401,0.000470401
32,68.5416,0.93144,2.86295,0.89643,0.01024,0.75,0.30914,0.25553,0.76413,3.84777,0.88009,0.000484525,0.000484525,0.000484525
33,70.6252,1.1111,2.53148,1.0041,0.01214,0.83333,0.3225,0.24594,0.78227,3.78567,0.87814,0.000498567,0.000498567,0.000498567
34,72.7271,0.78593,2.55474,0.96503,0.01214,0.83333,0.3225,0.24594,0.78227,3.78567,0.87814,0.000512526,0.000512526,0.000512526
35,74.8065,0.98724,2.31314,0.86465,0.0126,0.83333,0.49704,0.39184,0.81492,3.68637,0.89436,0.000526403,0.000526403,0.000526403
36,76.9205,0.96802,2.32975,0.91562,0.01335,0.83333,0.58276,0.4388,0.89005,3.59307,0.90169,0.000540197,0.000540197,0.000540197
37,78.9749,0.95035,2.00072,0.96703,0.01335,0.83333,0.58276,0.4388,0.89005,3.59307,0.90169,0.000553909,0.000553909,0.000553909
38,81.0404,1.13768,2.02983,0.97785,0.01593,0.91667,0.65369,0.51475,0.92739,3.48388,0.89642,0.000567539,0.000567539,0.000567539
39,83.3312,0.99378,2.35533,0.89996,0.01592,0.91667,0.7286,0.57542,0.85952,3.34131,0.89536,0.000581085,0.000581085,0.000581085
40,85.4112,0.88227,1.91151,0.87097,0.01592,0.91667,0.7286,0.57542,0.85952,3.34131,0.89536,0.00059455,0.00059455,0.00059455
41,87.5177,0.8482,2.02594,0.98073,0.01651,0.91667,0.82914,0.69454,0.71499,3.22028,0.8875,0.000607932,0.000607932,0.000607932
42,89.6547,0.93911,2.26911,0.88662,0.01756,1,0.71966,0.59741,0.70067,3.05264,0.8932,0.000621231,0.000621231,0.000621231
43,91.7894,1.05681,1.80564,0.94255,0.01756,1,0.71966,0.59741,0.70067,3.05264,0.8932,0.000634448,0.000634448,0.000634448
44,93.9053,1.04153,1.89435,0.98408,0.01724,1,0.71072,0.59711,0.71386,2.87131,0.90008,0.000647583,0.000647583,0.000647583
45,96.0613,0.87321,1.42261,0.89606,0.01724,1,0.71072,0.59711,0.71386,2.87131,0.90008,0.000660635,0.000660635,0.000660635
46,98.2408,0.86481,1.63767,0.93976,0.94516,0.22506,0.76667,0.63217,0.75671,2.67924,0.91912,0.000673604,0.000673604,0.000673604
47,100.37,0.80106,1.39748,0.92358,0.94516,0.22506,0.76667,0.63217,0.75671,2.67924,0.91912,0.000686492,0.000686492,0.000686492
48,102.563,0.88021,1.55512,0.88105,0.87028,0.41667,0.82478,0.66557,0.80227,2.47642,0.92773,0.000699296,0.000699296,0.000699296
49,104.655,0.9664,1.64639,0.89232,0.87028,0.41667,0.82478,0.66557,0.80227,2.47642,0.92773,0.000712018,0.000712018,0.000712018
50,106.766,1.09647,1.90803,0.94439,0.84265,0.58333,0.81089,0.6692,0.74148,2.35518,0.92532,0.000724658,0.000724658,0.000724658
51,108.836,0.89252,2.20686,0.9748,0.84265,0.58333,0.81089,0.6692,0.74148,2.35518,0.92532,0.000729916,0.000729916,0.000729916
52,110.97,0.81247,1.65674,0.93707,0.60098,0.58333,0.82875,0.65498,0.7681,2.19525,0.9172,0.000727855,0.000727855,0.000727855
53,113.002,0.81848,1.40179,0.9059,0.60098,0.58333,0.82875,0.65498,0.7681,2.19525,0.9172,0.000725793,0.000725793,0.000725793
54,115.011,0.86126,1.67475,0.91188,0.55624,0.58333,0.76653,0.63686,0.81645,2.08235,0.91244,0.000723731,0.000723731,0.000723731
55,117.017,0.79923,1.55014,0.85944,0.55624,0.58333,0.76653,0.63686,0.81645,2.08235,0.91244,0.00072167,0.00072167,0.00072167
56,119.053,0.89242,1.59039,0.93656,0.6473,0.66667,0.80778,0.67448,0.7978,1.95199,0.89577,0.000719608,0.000719608,0.000719608
57,121.065,0.94502,1.90948,0.90264,0.6473,0.66667,0.80778,0.67448,0.7978,1.95199,0.89577,0.000717546,0.000717546,0.000717546
58,123.26,0.8087,1.40546,0.90598,0.72499,0.66054,0.80778,0.70149,0.72155,1.70591,0.89131,0.000715485,0.000715485,0.000715485
59,125.39,0.86141,1.4087,0.9428,0.72499,0.66054,0.80778,0.70149,0.72155,1.70591,0.89131,0.000713423,0.000713423,0.000713423
60,127.506,1.01284,1.63788,0.92947,0.60544,0.69904,0.81075,0.71527,0.65387,1.76032,0.8679,0.000711361,0.000711361,0.000711361
61,129.616,0.74131,1.35054,0.86941,0.60544,0.69904,0.81075,0.71527,0.65387,1.76032,0.8679,0.000709299,0.000709299,0.000709299
62,131.796,0.86365,1.43932,0.87313,0.62338,0.75815,0.87556,0.73052,0.6903,1.73513,0.86558,0.000707238,0.000707238,0.000707238
63,133.869,0.76958,1.87427,0.87246,0.62338,0.75815,0.87556,0.73052,0.6903,1.73513,0.86558,0.000705176,0.000705176,0.000705176
64,136.053,0.75817,1.65695,0.90851,0.72706,0.60947,0.91167,0.74664,0.76116,1.65524,0.86639,0.000703114,0.000703114,0.000703114
65,138.251,0.91313,1.30133,0.91461,0.72706,0.60947,0.91167,0.74664,0.76116,1.65524,0.86639,0.000701053,0.000701053,0.000701053
66,140.376,0.85437,1.46426,0.87239,0.8536,0.64199,0.88431,0.70874,0.74682,1.665,0.8589,0.000698991,0.000698991,0.000698991
67,142.399,0.7312,1.18671,0.95591,0.8536,0.64199,0.88431,0.70874,0.74682,1.665,0.8589,0.000696929,0.000696929,0.000696929
68,144.504,0.79111,1.39987,0.89803,0.85829,0.65328,0.86772,0.73894,0.678,1.65512,0.84678,0.000694868,0.000694868,0.000694868
69,146.551,0.73406,1.30412,0.91101,0.85829,0.65328,0.86772,0.73894,0.678,1.65512,0.84678,0.000692806,0.000692806,0.000692806
70,148.715,0.81437,1.24992,0.83266,0.67118,0.81493,0.85681,0.7483,0.64506,1.51463,0.83679,0.000690744,0.000690744,0.000690744
71,150.859,0.80466,1.64737,0.93937,0.67118,0.81493,0.85681,0.7483,0.64506,1.51463,0.83679,0.000688683,0.000688683,0.000688683
72,153.021,0.89174,1.23475,0.9286,0.72169,0.81558,0.81514,0.68248,0.63047,1.26738,0.83877,0.000686621,0.000686621,0.000686621
73,155.12,0.88259,1.15285,0.90763,0.72169,0.81558,0.81514,0.68248,0.63047,1.26738,0.83877,0.000684559,0.000684559,0.000684559
74,157.278,0.80705,1.16468,0.90017,0.71404,0.83333,0.87028,0.70499,0.66112,1.04564,0.84887,0.000682498,0.000682498,0.000682498
75,159.39,0.73701,1.24779,0.88381,0.71404,0.83333,0.87028,0.70499,0.66112,1.04564,0.84887,0.000680436,0.000680436,0.000680436
76,161.494,0.7395,1.09532,0.91175,0.80955,0.88303,0.93944,0.77005,0.63069,1.01328,0.84787,0.000678374,0.000678374,0.000678374
77,163.623,0.87656,1.17542,0.8849,0.80955,0.88303,0.93944,0.77005,0.63069,1.01328,0.84787,0.000676313,0.000676313,0.000676313
78,165.75,0.79745,1.12406,0.88115,0.83645,0.88453,0.93944,0.78878,0.59242,0.99929,0.83821,0.000674251,0.000674251,0.000674251
79,167.884,0.84863,1.13498,0.88063,0.83645,0.88453,0.93944,0.78878,0.59242,0.99929,0.83821,0.000672189,0.000672189,0.000672189
80,170.051,0.85102,1.36246,0.89971,0.75297,0.96611,0.93972,0.80012,0.59543,1.10753,0.84124,0.000670128,0.000670128,0.000670128
81,172.307,0.69559,1.28098,0.90753,0.75297,0.96611,0.93972,0.80012,0.59543,1.10753,0.84124,0.000668066,0.000668066,0.000668066
82,174.477,0.84884,1.24519,0.88138,0.72884,0.97942,0.93972,0.78905,0.70257,1.22499,0.85791,0.000666004,0.000666004,0.000666004
83,176.533,0.83175,1.33879,0.87929,0.72884,0.97942,0.93972,0.78905,0.70257,1.22499,0.85791,0.000663943,0.000663943,0.000663943
84,178.733,0.63804,1.40187,0.92449,0.6523,1,0.93972,0.77937,0.71033,1.28125,0.85567,0.000661881,0.000661881,0.000661881
85,180.725,0.90417,1.5589,0.92108,0.6523,1,0.93972,0.77937,0.71033,1.28125,0.85567,0.000659819,0.000659819,0.000659819
86,182.794,0.72886,1.04815,0.89364,0.77155,0.97558,0.93972,0.79186,0.68218,1.19791,0.8632,0.000657758,0.000657758,0.000657758
87,184.861,0.59713,1.05122,0.88989,0.77155,0.97558,0.93972,0.79186,0.68218,1.19791,0.8632,0.000655696,0.000655696,0.000655696
88,186.968,0.78525,1.14204,0.86782,0.85836,0.94739,0.96722,0.79718,0.70447,1.06413,0.85258,0.000653634,0.000653634,0.000653634
89,189.073,0.70965,1.07575,0.88237,0.85836,0.94739,0.96722,0.79718,0.70447,1.06413,0.85258,0.000651573,0.000651573,0.000651573
90,191.215,0.65943,1.13548,0.89414,0.88648,0.96249,0.995,0.80834,0.70645,0.94348,0.85022,0.000649511,0.000649511,0.000649511
91,193.315,0.74324,1.03872,0.88035,0.88648,0.96249,0.995,0.80834,0.70645,0.94348,0.85022,0.000647449,0.000647449,0.000647449
92,195.441,0.74196,0.98893,0.88102,0.94544,0.95724,0.995,0.82078,0.67767,0.89988,0.85137,0.000645388,0.000645388,0.000645388
93,197.59,0.62931,0.92733,0.86653,0.94544,0.95724,0.995,0.82078,0.67767,0.89988,0.85137,0.000643326,0.000643326,0.000643326
94,199.713,0.74423,1.19871,0.83762,0.94735,0.95441,0.995,0.84152,0.72239,1.10556,0.86661,0.000641264,0.000641264,0.000641264
95,201.883,0.78752,1.24915,0.9118,0.94735,0.95441,0.995,0.84152,0.72239,1.10556,0.86661,0.000639203,0.000639203,0.000639203
96,204.05,0.72807,1.2596,0.86273,0.83467,0.99724,0.96722,0.78296,0.7411,1.19454,0.86095,0.000637141,0.000637141,0.000637141
97,206.257,0.77655,1.20795,0.86835,0.83467,0.99724,0.96722,0.78296,0.7411,1.19454,0.86095,0.000635079,0.000635079,0.000635079
98,208.454,0.80943,1.03861,0.8924,0.94046,0.97505,0.995,0.83734,0.64676,0.97247,0.83691,0.000633018,0.000633018,0.000633018
99,210.567,0.70972,1.05668,0.85811,0.94046,0.97505,0.995,0.83734,0.64676,0.97247,0.83691,0.000630956,0.000630956,0.000630956
100,212.666,0.73518,1.24537,0.86742,0.87214,0.96489,0.995,0.86227,0.6303,0.91627,0.83682,0.000628894,0.000628894,0.000628894
101,214.746,0.77844,1.01065,0.93032,0.87214,0.96489,0.995,0.86227,0.6303,0.91627,0.83682,0.000626832,0.000626832,0.000626832
102,216.939,0.72274,1.14018,0.88383,0.85153,0.94361,0.995,0.83325,0.6105,0.92188,0.83122,0.000624771,0.000624771,0.000624771
103,219.034,0.61978,0.90246,0.85278,0.85153,0.94361,0.995,0.83325,0.6105,0.92188,0.83122,0.000622709,0.000622709,0.000622709
104,221.155,0.65887,1.11386,0.88247,0.89101,0.92813,0.995,0.87475,0.56779,0.86368,0.82491,0.000620647,0.000620647,0.000620647
105,223.193,0.66942,0.99905,0.85579,0.89101,0.92813,0.995,0.87475,0.56779,0.86368,0.82491,0.000618586,0.000618586,0.000618586
106,225.307,0.77697,1.07789,0.82595,0.96034,0.9267,0.995,0.90379,0.51412,0.83618,0.82507,0.000616524,0.000616524,0.000616524
107,227.404,0.87262,1.04653,0.83763,0.96034,0.9267,0.995,0.90379,0.51412,0.83618,0.82507,0.000614462,0.000614462,0.000614462
108,229.614,0.79438,1.01701,0.86543,0.95255,0.95828,0.995,0.8913,0.55813,0.80409,0.84021,0.000612401,0.000612401,0.000612401
109,231.739,0.74605,0.90334,0.95851,0.95255,0.95828,0.995,0.8913,0.55813,0.80409,0.84021,0.000610339,0.000610339,0.000610339
110,233.85,0.69565,0.88804,0.9178,0.94975,0.98079,0.995,0.88713,0.59459,0.77645,0.84306,0.000608277,0.000608277,0.000608277
111,235.914,0.60768,1.24841,0.9416,0.94975,0.98079,0.995,0.88713,0.59459,0.77645,0.84306,0.000606216,0.000606216,0.000606216
112,238.016,0.68019,0.8261,0.88924,0.94193,1,0.995,0.86638,0.59364,0.78108,0.83785,0.000604154,0.000604154,0.000604154
113,240.112,0.77131,1.03158,0.96587,0.94193,1,0.995,0.86638,0.59364,0.78108,0.83785,0.000602092,0.000602092,0.000602092
114,242.302,0.69437,0.95423,0.89565,0.89813,0.98756,0.995,0.86228,0.56031,0.77479,0.83922,0.000600031,0.000600031,0.000600031
115,244.426,0.74013,1.11766,0.84288,0.89813,0.98756,0.995,0.86228,0.56031,0.77479,0.83922,0.000597969,0.000597969,0.000597969
116,246.518,0.67922,0.87516,0.87814,0.88526,0.97369,0.995,0.88302,0.49866,0.81248,0.82536,0.000595907,0.000595907,0.000595907
117,248.61,0.66671,1.03153,0.87471,0.88526,0.97369,0.995,0.88302,0.49866,0.81248,0.82536,0.000593846,0.000593846,0.000593846
118,250.741,0.62712,1.38687,0.86834,0.86673,0.97596,0.995,0.88298,0.5213,0.8027,0.82673,0.000591784,0.000591784,0.000591784
119,252.894,0.68285,0.97623,0.89404,0.86673,0.97596,0.995,0.88298,0.5213,0.8027,0.82673,0.000589722,0.000589722,0.000589722
120,255.043,0.6579,0.95737,0.86988,0.91155,0.96551,0.995,0.88711,0.52123,0.7552,0.82389,0.000587661,0.000587661,0.000587661
121,257.148,0.75181,1.03598,0.87841,0.91155,0.96551,0.995,0.88711,0.52123,0.7552,0.82389,0.000585599,0.000585599,0.000585599
122,259.325,0.71137,1.0711,0.84689,0.92134,0.96239,0.995,0.87887,0.5347,0.75452,0.82588,0.000583537,0.000583537,0.000583537
123,261.504,0.61472,0.85168,0.86665,0.92134,0.96239,0.995,0.87887,0.5347,0.75452,0.82588,0.000581476,0.000581476,0.000581476
124,263.767,0.69302,1.14654,0.86203,0.91514,0.96419,0.995,0.88717,0.55945,0.76951,0.83806,0.000579414,0.000579414,0.000579414
125,265.932,0.75354,0.9634,0.89499,0.91514,0.96419,0.995,0.88717,0.55945,0.76951,0.83806,0.000577352,0.000577352,0.000577352
126,268.102,0.6353,0.82438,0.89394,0.91444,0.9594,0.995,0.8996,0.57483,0.76561,0.84674,0.000575291,0.000575291,0.000575291
127,270.246,0.70044,0.82533,0.89469,0.91444,0.9594,0.995,0.8996,0.57483,0.76561,0.84674,0.000573229,0.000573229,0.000573229
128,272.417,0.65089,0.77302,0.8393,0.9268,0.96894,0.995,0.89959,0.52807,0.74332,0.83375,0.000571167,0.000571167,0.000571167
129,274.498,0.64952,0.89819,0.90619,0.9268,0.96894,0.995,0.89959,0.52807,0.74332,0.83375,0.000569106,0.000569106,0.000569106
130,276.626,0.69654,0.90068,0.82172,0.92014,0.97361,0.995,0.89547,0.48367,0.72883,0.8213,0.000567044,0.000567044,0.000567044
131,278.705,0.59698,1.082,0.86188,0.92014,0.97361,0.995,0.89547,0.48367,0.72883,0.8213,0.000564982,0.000564982,0.000564982
132,280.918,0.64234,0.87953,0.89453,0.91002,0.98654,0.995,0.90792,0.47714,0.70517,0.82197,0.000562921,0.000562921,0.000562921
133,283.043,0.54199,1.13039,0.9099,0.91002,0.98654,0.995,0.90792,0.47714,0.70517,0.82197,0.000560859,0.000560859,0.000560859
134,285.238,0.69857,0.90657,0.85802,0.93347,0.96901,0.995,0.90376,0.47916,0.67359,0.82098,0.000558797,0.000558797,0.000558797
135,287.277,0.68655,0.87333,0.83504,0.93347,0.96901,0.995,0.90376,0.47916,0.67359,0.82098,0.000556736,0.000556736,0.000556736
136,289.494,0.74545,0.8657,0.86753,0.94741,0.98639,0.995,0.8706,0.49728,0.69214,0.82741,0.000554674,0.000554674,0.000554674
137,291.576,0.59821,0.71272,0.88352,0.94741,0.98639,0.995,0.8706,0.49728,0.69214,0.82741,0.000552612,0.000552612,0.000552612
138,293.742,0.61835,0.96163,0.86882,0.96312,1,0.995,0.8623,0.5574,0.70872,0.841,0.000550551,0.000550551,0.000550551
139,295.904,0.69504,0.84879,0.81333,0.96312,1,0.995,0.8623,0.5574,0.70872,0.841,0.000548489,0.000548489,0.000548489
140,298.038,0.72525,0.84791,0.84705,0.96023,1,0.995,0.81111,0.62964,0.70591,0.85013,0.000546427,0.000546427,0.000546427
141,300.104,0.76384,1.03714,0.86278,0.96023,1,0.995,0.81111,0.62964,0.70591,0.85013,0.000544365,0.000544365,0.000544365
142,302.183,0.62332,0.78116,0.86925,0.9614,1,0.995,0.84845,0.64418,0.68453,0.84847,0.000542304,0.000542304,0.000542304
143,304.231,0.64292,0.78234,0.90573,0.9614,1,0.995,0.84845,0.64418,0.68453,0.84847,0.000540242,0.000540242,0.000540242
144,306.373,0.76412,0.85309,0.85767,0.96608,1,0.995,0.86645,0.60261,0.68542,0.84086,0.00053818,0.00053818,0.00053818
145,308.516,0.6174,0.84645,0.88793,0.96608,1,0.995,0.86645,0.60261,0.68542,0.84086,0.000536119,0.000536119,0.000536119
146,310.675,0.59165,0.73348,0.84662,0.96869,1,0.995,0.89956,0.57059,0.65144,0.8426,0.000534057,0.000534057,0.000534057
147,312.772,0.6328,0.78731,0.91384,0.96869,1,0.995,0.89956,0.57059,0.65144,0.8426,0.000531995,0.000531995,0.000531995
148,314.911,0.6212,0.79207,0.86879,0.96989,1,0.995,0.87055,0.52981,0.65232,0.8445,0.000529934,0.000529934,0.000529934
149,316.999,0.70326,0.84949,0.82237,0.96989,1,0.995,0.87055,0.52981,0.65232,0.8445,0.000527872,0.000527872,0.000527872
150,319.151,0.61862,0.80657,0.8497,0.94134,0.98418,0.995,0.85818,0.54159,0.70139,0.84395,0.00052581,0.00052581,0.00052581
151,321.347,0.61254,0.86893,0.84774,0.94134,0.98418,0.995,0.85818,0.54159,0.70139,0.84395,0.000523749,0.000523749,0.000523749
152,323.526,0.65351,0.99011,0.86399,0.93503,0.95673,0.995,0.84989,0.54075,0.71361,0.84584,0.000521687,0.000521687,0.000521687
153,325.577,0.64723,0.88523,0.89051,0.93503,0.95673,0.995,0.84989,0.54075,0.71361,0.84584,0.000519625,0.000519625,0.000519625
154,327.747,0.65832,0.80132,0.86367,0.92568,0.96831,0.995,0.84572,0.57468,0.681,0.8548,0.000517564,0.000517564,0.000517564
155,329.857,0.56692,0.91566,0.89147,0.92568,0.96831,0.995,0.84572,0.57468,0.681,0.8548,0.000515502,0.000515502,0.000515502
156,332.005,0.66953,0.73649,0.87529,0.93583,0.98963,0.995,0.86641,0.56558,0.64684,0.85282,0.00051344,0.00051344,0.00051344
157,334.248,0.66947,0.86658,0.83371,0.93583,0.98963,0.995,0.86641,0.56558,0.64684,0.85282,0.000511379,0.000511379,0.000511379
158,336.387,0.64988,0.84977,0.86359,0.93464,0.97505,0.995,0.86641,0.53274,0.65117,0.85099,0.000509317,0.000509317,0.000509317
159,338.514,0.59029,0.87151,0.91962,0.93464,0.97505,0.995,0.86641,0.53274,0.65117,0.85099,0.000507255,0.000507255,0.000507255
160,340.672,0.70584,1.1002,0.91134,0.94243,0.95404,0.995,0.89125,0.52712,0.64725,0.84023,0.000505194,0.000505194,0.000505194
161,342.788,0.56582,0.8774,0.85798,0.94243,0.95404,0.995,0.89125,0.52712,0.64725,0.84023,0.000503132,0.000503132,0.000503132
162,344.964,0.57829,0.78608,0.88344,0.92083,0.983,0.995,0.87468,0.53782,0.64742,0.83552,0.00050107,0.00050107,0.00050107
163,347.082,0.60484,0.68888,0.92843,0.92083,0.983,0.995,0.87468,0.53782,0.64742,0.83552,0.000499009,0.000499009,0.000499009
164,349.221,0.57557,0.86732,0.84027,0.95811,1,0.995,0.88306,0.5118,0.61751,0.8391,0.000496947,0.000496947,0.000496947
165,351.248,0.59622,0.899,0.84381,0.95811,1,0.995,0.88306,0.5118,0.61751,0.8391,0.000494885,0.000494885,0.000494885
166,353.319,0.7276,0.83432,0.81372,0.97186,1,0.995,0.89968,0.50856,0.67197,0.84088,0.000492824,0.000492824,0.000492824
167,355.389,0.60688,0.76271,0.8194,0.97186,1,0.995,0.89968,0.50856,0.67197,0.84088,0.000490762,0.000490762,0.000490762
168,357.551,0.56417,0.7368,0.84905,0.97332,1,0.995,0.9121,0.48663,0.72359,0.84119,0.0004887,0.0004887,0.0004887
169,359.658,0.57201,0.8419,0.91531,0.97332,1,0.995,0.9121,0.48663,0.72359,0.84119,0.000486639,0.000486639,0.000486639
170,361.902,0.65647,0.91713,0.86721,0.97498,1,0.995,0.92037,0.45676,0.67583,0.83705,0.000484577,0.000484577,0.000484577
171,364.096,0.62249,0.95707,0.85353,0.97498,1,0.995,0.92037,0.45676,0.67583,0.83705,0.000482515,0.000482515,0.000482515
172,366.295,0.5503,0.7211,0.88491,0.97582,1,0.995,0.95357,0.42632,0.67428,0.83339,0.000480454,0.000480454,0.000480454
173,368.426,0.68357,0.82497,0.82429,0.97582,1,0.995,0.95357,0.42632,0.67428,0.83339,0.000478392,0.000478392,0.000478392
174,370.693,0.62732,0.70073,0.88225,0.9763,1,0.995,0.93276,0.44771,0.72454,0.82992,0.00047633,0.00047633,0.00047633
175,372.863,0.6851,0.73873,0.86474,0.9763,1,0.995,0.93276,0.44771,0.72454,0.82992,0.000474269,0.000474269,0.000474269
176,375.044,0.64631,0.83449,0.84697,0.97288,1,0.995,0.92447,0.46516,0.70017,0.82367,0.000472207,0.000472207,0.000472207
177,377.137,0.53354,0.86676,0.828,0.97288,1,0.995,0.92447,0.46516,0.70017,0.82367,0.000470145,0.000470145,0.000470145
178,379.261,0.61622,1.06042,0.87699,0.9734,1,0.995,0.93691,0.43404,0.65079,0.81685,0.000468084,0.000468084,0.000468084
179,381.319,0.6039,0.74222,0.89151,0.9734,1,0.995,0.93691,0.43404,0.65079,0.81685,0.000466022,0.000466022,0.000466022
180,383.495,0.61124,0.88219,0.83068,0.97122,1,0.995,0.92035,0.45799,0.67246,0.81969,0.00046396,0.00046396,0.00046396
181,385.644,0.55037,0.65905,0.90382,0.97122,1,0.995,0.92035,0.45799,0.67246,0.81969,0.000461898,0.000461898,0.000461898
182,387.806,0.57071,0.75518,0.84309,0.96009,1,0.995,0.91206,0.46397,0.66349,0.82609,0.000459837,0.000459837,0.000459837
183,389.986,0.54368,0.68945,0.83053,0.96009,1,0.995,0.91206,0.46397,0.66349,0.82609,0.000457775,0.000457775,0.000457775
184,392.13,0.59455,0.80337,0.83032,0.94935,1,0.995,0.92451,0.43728,0.65094,0.83421,0.000455713,0.000455713,0.000455713
185,394.276,0.52416,0.7351,0.86813,0.94935,1,0.995,0.92451,0.43728,0.65094,0.83421,0.000453652,0.000453652,0.000453652
186,396.469,0.54604,0.75023,0.87348,0.93336,1,0.995,0.91216,0.45351,0.58048,0.84246,0.00045159,0.00045159,0.00045159
187,398.561,0.61366,0.77078,0.88885,0.93336,1,0.995,0.91216,0.45351,0.58048,0.84246,0.000449528,0.000449528,0.000449528
188,400.64,0.61619,0.78223,0.89076,0.92532,1,0.995,0.91216,0.45865,0.59652,0.83331,0.000447467,0.000447467,0.000447467
189,402.651,0.59158,0.76528,0.86456,0.92532,1,0.995,0.91216,0.45865,0.59652,0.83331,0.000445405,0.000445405,0.000445405
190,404.887,0.62187,0.87751,0.905,0.92798,1,0.995,0.93282,0.4518,0.62221,0.82515,0.000443343,0.000443343,0.000443343
191,407.013,0.60848,0.72802,0.8706,0.92798,1,0.995,0.93282,0.4518,0.62221,0.82515,0.000441282,0.000441282,0.000441282
192,409.181,0.59114,0.90906,0.85133,0.93146,1,0.995,0.92035,0.44517,0.60613,0.81654,0.00043922,0.00043922,0.00043922
193,411.283,0.59703,0.71374,0.85628,0.93146,1,0.995,0.92035,0.44517,0.60613,0.81654,0.000437158,0.000437158,0.000437158
194,413.448,0.56278,0.67208,0.85459,0.93672,1,0.995,0.92038,0.46051,0.61114,0.81518,0.000435097,0.000435097,0.000435097
195,415.543,0.47813,0.98159,0.83631,0.93672,1,0.995,0.92038,0.46051,0.61114,0.81518,0.000433035,0.000433035,0.000433035
196,417.628,0.60326,0.69331,0.85302,0.94753,1,0.995,0.91208,0.44827,0.58086,0.81622,0.000430973,0.000430973,0.000430973
197,419.674,0.56364,1.01971,0.82516,0.94753,1,0.995,0.91208,0.44827,0.58086,0.81622,0.000428912,0.000428912,0.000428912
198,421.758,0.69914,0.84304,0.84741,0.95231,1,0.995,0.92034,0.42612,0.56805,0.81278,0.00042685,0.00042685,0.00042685
199,423.768,0.57395,0.8405,0.83648,0.95231,1,0.995,0.92034,0.42612,0.56805,0.81278,0.000424788,0.000424788,0.000424788
200,425.754,0.60608,0.68151,0.84047,0.94822,1,0.995,0.92037,0.42497,0.55037,0.81273,0.000422727,0.000422727,0.000422727
201,427.758,0.47758,0.65023,0.8203,0.94822,1,0.995,0.92037,0.42497,0.55037,0.81273,0.000420665,0.000420665,0.000420665
202,429.776,0.60008,0.65098,0.85144,0.95417,1,0.995,0.94524,0.40577,0.53402,0.81111,0.000418603,0.000418603,0.000418603
203,431.921,0.51951,0.74358,0.83338,0.95417,1,0.995,0.94524,0.40577,0.53402,0.81111,0.000416542,0.000416542,0.000416542
204,434.018,0.55144,0.69726,0.85118,0.96228,1,0.995,0.93697,0.37662,0.51042,0.81356,0.00041448,0.00041448,0.00041448
205,436.099,0.56098,0.64037,0.83586,0.96228,1,0.995,0.93697,0.37662,0.51042,0.81356,0.000412418,0.000412418,0.000412418
206,438.267,0.6046,0.72419,0.85336,0.97115,1,0.995,0.95354,0.38348,0.50365,0.8118,0.000410357,0.000410357,0.000410357
207,440.402,0.4984,0.59766,0.8641,0.97115,1,0.995,0.95354,0.38348,0.50365,0.8118,0.000408295,0.000408295,0.000408295
208,442.504,0.50391,0.60798,0.90011,0.97218,1,0.995,0.92041,0.39691,0.51462,0.80924,0.000406233,0.000406233,0.000406233
209,444.596,0.59842,0.70665,0.84069,0.97218,1,0.995,0.92041,0.39691,0.51462,0.80924,0.000404172,0.000404172,0.000404172
210,446.652,0.47276,0.64221,0.83571,0.96727,1,0.995,0.92043,0.3975,0.54349,0.80915,0.00040211,0.00040211,0.00040211
211,448.785,0.54546,0.67097,0.85343,0.96727,1,0.995,0.92043,0.3975,0.54349,0.80915,0.000400048,0.000400048,0.000400048
212,450.994,0.44103,0.62548,0.82,0.96422,0.9976,0.995,0.90392,0.39965,0.53503,0.80869,0.000397987,0.000397987,0.000397987
213,453.084,0.59511,0.6349,0.80891,0.96422,0.9976,0.995,0.90392,0.39965,0.53503,0.80869,0.000395925,0.000395925,0.000395925
214,455.225,0.55211,0.67047,0.85413,0.96408,0.99754,0.995,0.90392,0.41114,0.5228,0.80885,0.000393863,0.000393863,0.000393863
215,457.387,0.56403,0.69448,0.85577,0.96408,0.99754,0.995,0.90392,0.41114,0.5228,0.80885,0.000391802,0.000391802,0.000391802
216,459.577,0.56682,0.61028,0.86115,0.96584,1,0.995,0.92052,0.42378,0.52674,0.80767,0.00038974,0.00038974,0.00038974
217,461.673,0.54869,0.59767,0.84607,0.96584,1,0.995,0.92052,0.42378,0.52674,0.80767,0.000387678,0.000387678,0.000387678
218,463.815,0.55484,0.71018,0.85279,0.96882,1,0.995,0.92052,0.44475,0.55914,0.80781,0.000385617,0.000385617,0.000385617
219,465.849,0.49306,0.62843,0.81923,0.96882,1,0.995,0.92052,0.44475,0.55914,0.80781,0.000383555,0.000383555,0.000383555
220,467.955,0.49841,0.66622,0.78043,0.9712,1,0.995,0.91904,0.45946,0.57496,0.80857,0.000381493,0.000381493,0.000381493
221,470.087,0.5699,0.72635,0.84849,0.9712,1,0.995,0.91904,0.45946,0.57496,0.80857,0.000379431,0.000379431,0.000379431
222,472.216,0.59489,0.78485,0.84996,0.97016,1,0.995,0.90249,0.4652,0.60267,0.80729,0.00037737,0.00037737,0.00037737
223,474.345,0.64011,0.701,0.8297,0.97016,1,0.995,0.90249,0.4652,0.60267,0.80729,0.000375308,0.000375308,0.000375308
224,476.546,0.51142,0.68543,0.85645,0.96717,1,0.995,0.89148,0.47059,0.60937,0.80761,0.000373246,0.000373246,0.000373246
225,478.72,0.55216,0.71101,0.84482,0.96717,1,0.995,0.89148,0.47059,0.60937,0.80761,0.000371185,0.000371185,0.000371185
226,480.937,0.61449,0.84581,0.83659,0.96482,1,0.995,0.90805,0.4532,0.59997,0.81084,0.000369123,0.000369123,0.000369123
227,483.037,0.5864,0.70551,0.82666,0.96482,1,0.995,0.90805,0.4532,0.59997,0.81084,0.000367061,0.000367061,0.000367061
228,485.238,0.50091,0.65295,0.91088,0.96428,1,0.995,0.91357,0.43629,0.60161,0.81345,0.000365,0.000365,0.000365
229,487.386,0.54252,0.71731,0.84435,0.96428,1,0.995,0.91357,0.43629,0.60161,0.81345,0.000362938,0.000362938,0.000362938
230,489.58,0.53631,0.6519,0.82994,0.96402,1,0.995,0.92049,0.42513,0.55193,0.81196,0.000360876,0.000360876,0.000360876
231,491.741,0.45578,0.61581,0.90412,0.96402,1,0.995,0.92049,0.42513,0.55193,0.81196,0.000358815,0.000358815,0.000358815
232,493.877,0.53862,0.77127,0.8427,0.96698,1,0.995,0.9205,0.42017,0.54287,0.80919,0.000356753,0.000356753,0.000356753
233,495.974,0.54268,0.68726,0.88789,0.96698,1,0.995,0.9205,0.42017,0.54287,0.80919,0.000354691,0.000354691,0.000354691
234,498.019,0.52911,0.65647,0.83776,0.96696,1,0.995,0.92876,0.40559,0.56778,0.80746,0.00035263,0.00035263,0.00035263
235,500.122,0.55654,0.75813,0.85983,0.96696,1,0.995,0.92876,0.40559,0.56778,0.80746,0.000350568,0.000350568,0.000350568
236,502.276,0.58434,0.64429,0.85558,0.96587,1,0.995,0.93702,0.39013,0.56607,0.80631,0.000348506,0.000348506,0.000348506
237,504.379,0.53781,0.69629,0.82861,0.96587,1,0.995,0.93702,0.39013,0.56607,0.80631,0.000346445,0.000346445,0.000346445
238,506.66,0.48338,0.65999,0.86382,0.96259,1,0.995,0.9371,0.37192,0.56711,0.80489,0.000344383,0.000344383,0.000344383
239,508.729,0.50519,0.64135,0.84762,0.96259,1,0.995,0.9371,0.37192,0.56711,0.80489,0.000342321,0.000342321,0.000342321
240,510.881,0.57308,0.70029,0.84309,0.96264,1,0.995,0.94127,0.38315,0.54593,0.81004,0.00034026,0.00034026,0.00034026
241,512.999,0.62173,0.69927,0.81965,0.96264,1,0.995,0.94127,0.38315,0.54593,0.81004,0.000338198,0.000338198,0.000338198
242,515.085,0.48028,0.58138,0.84641,0.96431,1,0.995,0.93711,0.38635,0.55053,0.8118,0.000336136,0.000336136,0.000336136
243,517.258,0.44199,0.84661,0.81569,0.96431,1,0.995,0.93711,0.38635,0.55053,0.8118,0.000334075,0.000334075,0.000334075
244,519.345,0.57177,0.65037,0.87308,0.96644,1,0.995,0.95776,0.36712,0.56191,0.80815,0.000332013,0.000332013,0.000332013
245,521.512,0.53981,0.75434,0.86199,0.96644,1,0.995,0.95776,0.36712,0.56191,0.80815,0.000329951,0.000329951,0.000329951
246,523.63,0.57462,0.6901,0.86469,0.96611,1,0.995,0.94945,0.36968,0.54634,0.80822,0.00032789,0.00032789,0.00032789
247,525.814,0.55544,0.7028,0.85052,0.96611,1,0.995,0.94945,0.36968,0.54634,0.80822,0.000325828,0.000325828,0.000325828
248,527.968,0.48206,0.61455,0.82346,0.96654,1,0.995,0.92871,0.38698,0.52546,0.81371,0.000323766,0.000323766,0.000323766
249,530.106,0.52521,0.67362,0.8698,0.96654,1,0.995,0.92871,0.38698,0.52546,0.81371,0.000321705,0.000321705,0.000321705
250,532.245,0.62174,0.67395,0.8602,0.96972,1,0.995,0.92871,0.41072,0.51366,0.81318,0.000319643,0.000319643,0.000319643
251,534.342,0.45831,0.64791,0.83638,0.96972,1,0.995,0.92871,0.41072,0.51366,0.81318,0.000317581,0.000317581,0.000317581
252,536.47,0.48499,0.54507,0.81738,0.97141,1,0.995,0.92871,0.40762,0.52884,0.8053,0.00031552,0.00031552,0.00031552
253,538.597,0.51832,0.61295,0.86281,0.97141,1,0.995,0.92871,0.40762,0.52884,0.8053,0.000313458,0.000313458,0.000313458
254,540.757,0.55914,0.70737,0.89639,0.9732,1,0.995,0.91216,0.39958,0.51603,0.80481,0.000311396,0.000311396,0.000311396
255,542.842,0.49848,0.63451,0.83567,0.9732,1,0.995,0.91216,0.39958,0.51603,0.80481,0.000309335,0.000309335,0.000309335
256,544.973,0.51041,0.55428,0.83224,0.97347,1,0.995,0.92875,0.39982,0.51346,0.80722,0.000307273,0.000307273,0.000307273
257,546.998,0.44148,0.56284,0.87898,0.97347,1,0.995,0.92875,0.39982,0.51346,0.80722,0.000305211,0.000305211,0.000305211
258,549.06,0.52342,0.65181,0.87001,0.97415,1,0.995,0.93292,0.39665,0.50555,0.80373,0.00030315,0.00030315,0.00030315
259,551.185,0.5194,0.83954,0.9067,0.97415,1,0.995,0.93292,0.39665,0.50555,0.80373,0.000301088,0.000301088,0.000301088
260,553.394,0.57143,0.61972,0.84342,0.97508,1,0.995,0.92467,0.40004,0.5021,0.79826,0.000299026,0.000299026,0.000299026
261,555.454,0.45716,0.62495,0.80898,0.97508,1,0.995,0.92467,0.40004,0.5021,0.79826,0.000296964,0.000296964,0.000296964
262,557.633,0.4601,0.58724,0.84375,0.97577,1,0.995,0.92469,0.40353,0.52768,0.79875,0.000294903,0.000294903,0.000294903
263,559.712,0.60878,0.66589,0.81791,0.97577,1,0.995,0.92469,0.40353,0.52768,0.79875,0.000292841,0.000292841,0.000292841
264,561.836,0.55371,0.57038,0.88207,0.97498,1,0.995,0.89987,0.40509,0.52497,0.79904,0.000290779,0.000290779,0.000290779
265,563.884,0.53458,0.57953,0.86189,0.97498,1,0.995,0.89987,0.40509,0.52497,0.79904,0.000288718,0.000288718,0.000288718
266,565.994,0.54969,0.66953,0.86983,0.97441,1,0.995,0.91235,0.40544,0.50918,0.79315,0.000286656,0.000286656,0.000286656
267,568.081,0.4928,0.68366,0.86254,0.97441,1,0.995,0.91235,0.40544,0.50918,0.79315,0.000284594,0.000284594,0.000284594
268,570.248,0.59568,0.72358,0.81546,0.97301,1,0.995,0.92062,0.388,0.52092,0.79077,0.000282533,0.000282533,0.000282533
269,572.38,0.50862,0.61796,0.81946,0.97301,1,0.995,0.92062,0.388,0.52092,0.79077,0.000280471,0.000280471,0.000280471
270,574.375,0.44321,0.64003,0.84721,0.97443,1,0.995,0.9371,0.37336,0.52566,0.79313,0.000278409,0.000278409,0.000278409
271,576.536,0.67252,0.91614,0.85785,0.97443,1,0.995,0.9371,0.37336,0.52566,0.79313,0.000276348,0.000276348,0.000276348
272,578.644,0.47871,0.59258,0.83711,0.97491,1,0.995,0.9205,0.36674,0.51768,0.79368,0.000274286,0.000274286,0.000274286
273,580.685,0.59453,0.65185,0.83469,0.97491,1,0.995,0.9205,0.36674,0.51768,0.79368,0.000272224,0.000272224,0.000272224
274,582.925,0.56486,0.73341,0.87466,0.97499,1,0.995,0.92885,0.40439,0.54775,0.79876,0.000270163,0.000270163,0.000270163
275,585.045,0.52959,0.58229,0.82926,0.97499,1,0.995,0.92885,0.40439,0.54775,0.79876,0.000268101,0.000268101,0.000268101
276,587.182,0.57732,0.58265,0.84464,0.97465,1,0.995,0.91226,0.42236,0.54487,0.80404,0.000266039,0.000266039,0.000266039
277,589.153,0.61762,0.72648,0.82179,0.97465,1,0.995,0.91226,0.42236,0.54487,0.80404,0.000263978,0.000263978,0.000263978
278,591.345,0.59017,0.72948,0.90449,0.97475,1,0.995,0.91637,0.412,0.5235,0.8043,0.000261916,0.000261916,0.000261916
279,593.38,0.51034,0.73377,0.83646,0.97475,1,0.995,0.91637,0.412,0.5235,0.8043,0.000259854,0.000259854,0.000259854
280,595.573,0.48079,0.64853,0.91401,0.97415,1,0.995,0.9247,0.39688,0.52857,0.80007,0.000257793,0.000257793,0.000257793
281,597.734,0.51425,0.59691,0.84648,0.97415,1,0.995,0.9247,0.39688,0.52857,0.80007,0.000255731,0.000255731,0.000255731
282,599.925,0.44837,0.56507,0.86428,0.97315,1,0.995,0.92055,0.4311,0.53691,0.79878,0.000253669,0.000253669,0.000253669
283,601.971,0.53157,0.67562,0.86498,0.97315,1,0.995,0.92055,0.4311,0.53691,0.79878,0.000251608,0.000251608,0.000251608
284,604.043,0.64707,0.82181,0.82863,0.97257,1,0.995,0.90397,0.47321,0.53417,0.8015,0.000249546,0.000249546,0.000249546
285,606.048,0.52907,0.5961,0.81669,0.97257,1,0.995,0.90397,0.47321,0.53417,0.8015,0.000247484,0.000247484,0.000247484
286,608.153,0.43587,0.63356,0.85087,0.97251,1,0.995,0.89566,0.4861,0.53541,0.80315,0.000245423,0.000245423,0.000245423
287,610.198,0.52341,0.62708,0.81071,0.97251,1,0.995,0.89566,0.4861,0.53541,0.80315,0.000243361,0.000243361,0.000243361
288,612.245,0.55906,0.58127,0.82371,0.97178,1,0.995,0.91227,0.46304,0.528,0.80468,0.000241299,0.000241299,0.000241299
289,614.35,0.45341,0.67264,0.83402,0.97178,1,0.995,0.91227,0.46304,0.528,0.80468,0.000239238,0.000239238,0.000239238
290,616.493,0.55123,0.63695,0.87802,0.97201,1,0.995,0.9371,0.40932,0.51852,0.80316,0.000237176,0.000237176,0.000237176
291,618.543,0.52617,0.63638,0.82998,0.97201,1,0.995,0.9371,0.40932,0.51852,0.80316,0.000235114,0.000235114,0.000235114
292,620.67,0.60789,0.61555,0.8417,0.97283,1,0.995,0.94537,0.35674,0.49906,0.80171,0.000233053,0.000233053,0.000233053
293,622.743,0.46718,0.60781,0.8299,0.97283,1,0.995,0.94537,0.35674,0.49906,0.80171,0.000230991,0.000230991,0.000230991
294,624.86,0.52542,0.57014,0.81746,0.97282,1,0.995,0.95784,0.33233,0.48691,0.7999,0.000228929,0.000228929,0.000228929
295,626.988,0.47911,0.55548,0.84176,0.97282,1,0.995,0.95784,0.33233,0.48691,0.7999,0.000226868,0.000226868,0.000226868
296,629.054,0.58145,0.67544,0.83992,0.97229,1,0.995,0.96197,0.34598,0.49146,0.7982,0.000224806,0.000224806,0.000224806
297,631.107,0.53618,0.63026,0.83581,0.97229,1,0.995,0.96197,0.34598,0.49146,0.7982,0.000222744,0.000222744,0.000222744
298,633.182,0.49748,0.58644,0.85727,0.97119,1,0.995,0.96193,0.34429,0.50948,0.79749,0.000220683,0.000220683,0.000220683
299,635.288,0.43582,0.58064,0.86501,0.97119,1,0.995,0.96193,0.34429,0.50948,0.79749,0.000218621,0.000218621,0.000218621
300,637.417,0.49134,0.56519,0.85177,0.96851,1,0.995,0.95365,0.3586,0.49171,0.79868,0.000216559,0.000216559,0.000216559
301,639.502,0.55484,0.64643,0.83828,0.96851,1,0.995,0.95365,0.3586,0.49171,0.79868,0.000214497,0.000214497,0.000214497
302,641.671,0.48113,0.62023,0.88644,0.96513,0.99903,0.995,0.95364,0.37524,0.48344,0.79853,0.000212436,0.000212436,0.000212436
303,643.855,0.54732,0.60088,0.84661,0.96513,0.99903,0.995,0.95364,0.37524,0.48344,0.79853,0.000210374,0.000210374,0.000210374
304,646.046,0.52461,0.60704,0.83143,0.96488,0.99782,0.995,0.95358,0.38343,0.48756,0.79702,0.000208312,0.000208312,0.000208312
305,647.981,0.47171,0.5873,0.80846,0.96488,0.99782,0.995,0.95358,0.38343,0.48756,0.79702,0.000206251,0.000206251,0.000206251
306,650.133,0.51067,0.57991,0.81243,0.96788,0.99957,0.995,0.93293,0.38659,0.48583,0.79693,0.000204189,0.000204189,0.000204189
307,652.323,0.53556,0.56206,0.80534,0.96788,0.99957,0.995,0.93293,0.38659,0.48583,0.79693,0.000202127,0.000202127,0.000202127
308,654.374,0.48256,0.64376,0.85622,0.97118,1,0.995,0.93293,0.38078,0.49361,0.79678,0.000200066,0.000200066,0.000200066
309,656.486,0.56236,0.57615,0.80543,0.97118,1,0.995,0.93293,0.38078,0.49361,0.79678,0.000198004,0.000198004,0.000198004
310,658.637,0.53666,0.60951,0.78181,0.96916,1,0.995,0.92467,0.37351,0.49799,0.79814,0.000195942,0.000195942,0.000195942
311,660.762,0.50858,0.60667,0.83882,0.96916,1,0.995,0.92467,0.37351,0.49799,0.79814,0.000193881,0.000193881,0.000193881
312,662.806,0.50094,0.60612,0.87183,0.96778,1,0.995,0.92464,0.36086,0.50621,0.79961,0.000191819,0.000191819,0.000191819
313,664.749,0.46336,0.56696,0.84209,0.96778,1,0.995,0.92464,0.36086,0.50621,0.79961,0.000189757,0.000189757,0.000189757
314,666.769,0.44259,0.57687,0.83102,0.96569,1,0.995,0.933,0.34693,0.48227,0.79914,0.000187696,0.000187696,0.000187696
315,668.879,0.58623,0.65321,0.83115,0.96569,1,0.995,0.933,0.34693,0.48227,0.79914,0.000185634,0.000185634,0.000185634
316,671.002,0.45814,0.55678,0.83499,0.96627,1,0.995,0.93303,0.3532,0.48781,0.79898,0.000183572,0.000183572,0.000183572
317,673.063,0.51539,0.6663,0.87703,0.96627,1,0.995,0.93303,0.3532,0.48781,0.79898,0.000181511,0.000181511,0.000181511
318,675.183,0.55699,0.61675,0.82276,0.96632,1,0.995,0.93304,0.35625,0.4961,0.7976,0.000179449,0.000179449,0.000179449
319,677.181,0.45532,0.57392,0.78808,0.96632,1,0.995,0.93304,0.35625,0.4961,0.7976,0.000177387,0.000177387,0.000177387
320,679.273,0.42874,0.55851,0.81095,0.96929,1,0.995,0.93305,0.34679,0.49219,0.79613,0.000175326,0.000175326,0.000175326
321,681.362,0.48103,0.55925,0.83264,0.96929,1,0.995,0.93305,0.34679,0.49219,0.79613,0.000173264,0.000173264,0.000173264
322,683.486,0.43133,0.51996,0.84019,0.97166,1,0.995,0.96199,0.33182,0.47437,0.7966,0.000171202,0.000171202,0.000171202
323,685.552,0.37515,0.63116,0.82603,0.97166,1,0.995,0.96199,0.33182,0.47437,0.7966,0.000169141,0.000169141,0.000169141
324,687.654,0.46678,0.58141,0.8578,0.9727,1,0.995,0.96199,0.31955,0.47453,0.79436,0.000167079,0.000167079,0.000167079
325,689.768,0.52159,0.6426,0.85234,0.9727,1,0.995,0.96199,0.31955,0.47453,0.79436,0.000165017,0.000165017,0.000165017
326,692.006,0.39552,0.60276,0.78379,0.97275,1,0.995,0.96199,0.30833,0.47617,0.79098,0.000162956,0.000162956,0.000162956
327,694.091,0.46572,0.602,0.85273,0.97275,1,0.995,0.96199,0.30833,0.47617,0.79098,0.000160894,0.000160894,0.000160894
328,696.395,0.46201,0.62046,0.81033,0.97263,1,0.995,0.9537,0.30861,0.47251,0.79123,0.000158832,0.000158832,0.000158832
329,698.406,0.45425,0.65057,0.81859,0.97263,1,0.995,0.9537,0.30861,0.47251,0.79123,0.000156771,0.000156771,0.000156771
330,700.482,0.43331,0.56568,0.89281,0.97255,1,0.995,0.96195,0.3249,0.46602,0.79756,0.000154709,0.000154709,0.000154709
331,702.605,0.47636,0.63564,0.8207,0.97255,1,0.995,0.96195,0.3249,0.46602,0.79756,0.000152647,0.000152647,0.000152647
332,704.748,0.49269,0.54003,0.8155,0.9727,1,0.995,0.95369,0.32828,0.47809,0.80408,0.000150586,0.000150586,0.000150586
333,706.793,0.49864,0.59533,0.78529,0.9727,1,0.995,0.95369,0.32828,0.47809,0.80408,0.000148524,0.000148524,0.000148524
334,708.865,0.52394,0.60276,0.79266,0.9725,1,0.995,0.93309,0.33,0.47466,0.80678,0.000146462,0.000146462,0.000146462
335,710.933,0.47415,0.70307,0.86457,0.9725,1,0.995,0.93309,0.33,0.47466,0.80678,0.000144401,0.000144401,0.000144401
336,713.144,0.44469,0.52661,0.83765,0.97335,1,0.995,0.94549,0.31712,0.4655,0.80355,0.000142339,0.000142339,0.000142339
337,715.32,0.51887,0.66918,0.82277,0.97335,1,0.995,0.94549,0.31712,0.4655,0.80355,0.000140277,0.000140277,0.000140277
338,717.448,0.46516,0.80376,0.78503,0.97366,1,0.995,0.97027,0.2951,0.47563,0.79782,0.000138216,0.000138216,0.000138216
339,719.416,0.43585,0.60333,0.84015,0.97366,1,0.995,0.97027,0.2951,0.47563,0.79782,0.000136154,0.000136154,0.000136154
340,721.547,0.43527,0.58363,0.80913,0.97391,1,0.995,0.97026,0.28379,0.48151,0.79416,0.000134092,0.000134092,0.000134092
341,723.569,0.43808,0.67354,0.85667,0.97391,1,0.995,0.97026,0.28379,0.48151,0.79416,0.000132031,0.000132031,0.000132031
342,725.726,0.41709,0.53259,0.83513,0.97451,1,0.995,0.97028,0.28528,0.48308,0.79383,0.000129969,0.000129969,0.000129969
343,727.794,0.48557,0.60559,0.84737,0.97451,1,0.995,0.97028,0.28528,0.48308,0.79383,0.000127907,0.000127907,0.000127907
344,729.881,0.41947,0.56114,0.84686,0.97417,1,0.995,0.97028,0.29129,0.49594,0.79573,0.000125845,0.000125845,0.000125845
345,731.882,0.42345,0.48621,0.85301,0.97417,1,0.995,0.97028,0.29129,0.49594,0.79573,0.000123784,0.000123784,0.000123784
346,734.026,0.41888,0.56296,0.82011,0.9738,1,0.995,0.97028,0.29954,0.48894,0.79747,0.000121722,0.000121722,0.000121722
347,736.111,0.41905,0.60874,0.88262,0.9738,1,0.995,0.97028,0.29954,0.48894,0.79747,0.00011966,0.00011966,0.00011966
348,738.337,0.39792,0.65177,0.86927,0.97249,1,0.995,0.96203,0.31273,0.48093,0.79942,0.000117599,0.000117599,0.000117599
349,740.369,0.52784,0.75879,0.77775,0.97249,1,0.995,0.96203,0.31273,0.48093,0.79942,0.000115537,0.000115537,0.000115537
350,742.428,0.33849,0.61434,0.8776,0.97153,1,0.995,0.95379,0.3249,0.48901,0.79873,0.000113475,0.000113475,0.000113475
351,744.507,0.52372,0.59288,0.85848,0.97153,1,0.995,0.95379,0.3249,0.48901,0.79873,0.000111414,0.000111414,0.000111414
352,746.666,0.49561,0.58501,0.82445,0.97063,1,0.995,0.9455,0.33084,0.51457,0.79617,0.000109352,0.000109352,0.000109352
353,748.808,0.47268,0.61332,0.81775,0.97063,1,0.995,0.9455,0.33084,0.51457,0.79617,0.00010729,0.00010729,0.00010729
354,750.917,0.42773,0.56949,0.81768,0.96944,1,0.995,0.93722,0.33559,0.5151,0.79394,0.000105229,0.000105229,0.000105229
355,752.93,0.43048,0.50476,0.85352,0.96944,1,0.995,0.93722,0.33559,0.5151,0.79394,0.000103167,0.000103167,0.000103167
356,755.127,0.55036,0.60337,0.81727,0.96885,1,0.995,0.93721,0.34419,0.5107,0.79294,0.000101105,0.000101105,0.000101105
357,757.242,0.40813,0.60335,0.83876,0.96885,1,0.995,0.93721,0.34419,0.5107,0.79294,9.90437e-05,9.90437e-05,9.90437e-05
358,759.329,0.47609,0.52812,0.82516,0.96825,1,0.995,0.93724,0.34834,0.50317,0.79284,9.6982e-05,9.6982e-05,9.6982e-05
359,761.424,0.45318,0.56493,0.81663,0.96825,1,0.995,0.93724,0.34834,0.50317,0.79284,9.49203e-05,9.49203e-05,9.49203e-05
360,763.641,0.48255,0.61916,0.87573,0.96906,1,0.995,0.93723,0.35731,0.50213,0.79233,9.28587e-05,9.28587e-05,9.28587e-05
361,765.673,0.48732,0.532,0.87762,0.96906,1,0.995,0.93723,0.35731,0.50213,0.79233,9.0797e-05,9.0797e-05,9.0797e-05
362,767.794,0.42785,0.53598,0.84847,0.97043,1,0.995,0.93727,0.37008,0.50638,0.79205,8.87353e-05,8.87353e-05,8.87353e-05
363,769.937,0.43152,0.53185,0.8302,0.97043,1,0.995,0.93727,0.37008,0.50638,0.79205,8.66736e-05,8.66736e-05,8.66736e-05
364,772.005,0.4985,0.58992,0.91067,0.97015,1,0.995,0.93729,0.36872,0.51228,0.79207,8.4612e-05,8.4612e-05,8.4612e-05
365,774.1,0.44155,0.71166,0.81309,0.97015,1,0.995,0.93729,0.36872,0.51228,0.79207,8.25503e-05,8.25503e-05,8.25503e-05
366,776.298,0.4644,0.53759,0.81287,0.97132,1,0.995,0.92908,0.363,0.50792,0.79027,8.04886e-05,8.04886e-05,8.04886e-05
367,778.438,0.53861,0.6209,0.81599,0.97132,1,0.995,0.92908,0.363,0.50792,0.79027,7.84269e-05,7.84269e-05,7.84269e-05
368,780.59,0.43791,0.54044,0.84975,0.97163,1,0.995,0.93739,0.35343,0.48756,0.78988,7.63653e-05,7.63653e-05,7.63653e-05
369,782.715,0.53117,0.52487,0.80664,0.97163,1,0.995,0.93739,0.35343,0.48756,0.78988,7.43036e-05,7.43036e-05,7.43036e-05
370,784.844,0.46163,0.54722,0.80156,0.97239,1,0.995,0.93741,0.34292,0.47932,0.79032,7.22419e-05,7.22419e-05,7.22419e-05
371,786.896,0.45423,0.62899,0.81124,0.97239,1,0.995,0.93741,0.34292,0.47932,0.79032,7.01802e-05,7.01802e-05,7.01802e-05
372,788.976,0.44794,0.60694,0.83987,0.97262,1,0.995,0.93738,0.33735,0.47586,0.79093,6.81186e-05,6.81186e-05,6.81186e-05
373,791.034,0.4272,0.54451,0.85843,0.97262,1,0.995,0.93738,0.33735,0.47586,0.79093,6.60569e-05,6.60569e-05,6.60569e-05
374,793.209,0.46644,0.55246,0.83927,0.97343,1,0.995,0.94558,0.33422,0.46875,0.7912,6.39952e-05,6.39952e-05,6.39952e-05
375,795.316,0.48655,0.53868,0.87177,0.97343,1,0.995,0.94558,0.33422,0.46875,0.7912,6.19335e-05,6.19335e-05,6.19335e-05
376,797.427,0.41972,0.51934,0.85342,0.97406,1,0.995,0.94558,0.33156,0.46852,0.79193,5.98719e-05,5.98719e-05,5.98719e-05
377,799.549,0.46761,0.62346,0.80892,0.97406,1,0.995,0.94558,0.33156,0.46852,0.79193,5.78102e-05,5.78102e-05,5.78102e-05
378,801.677,0.45005,0.54004,0.86689,0.97466,1,0.995,0.94561,0.33035,0.46769,0.79219,5.57485e-05,5.57485e-05,5.57485e-05
379,803.79,0.53888,0.64561,0.89972,0.97466,1,0.995,0.94561,0.33035,0.46769,0.79219,5.36869e-05,5.36869e-05,5.36869e-05
380,805.855,0.4694,0.55891,0.82705,0.97427,1,0.995,0.94559,0.33222,0.4624,0.79246,5.16252e-05,5.16252e-05,5.16252e-05
381,807.999,0.44202,0.56464,0.77832,0.97427,1,0.995,0.94559,0.33222,0.4624,0.79246,4.95635e-05,4.95635e-05,4.95635e-05
382,810.094,0.41395,0.49136,0.87089,0.97399,1,0.995,0.9456,0.33733,0.47109,0.79119,4.75018e-05,4.75018e-05,4.75018e-05
383,812.259,0.39918,0.51271,0.80776,0.97399,1,0.995,0.9456,0.33733,0.47109,0.79119,4.54402e-05,4.54402e-05,4.54402e-05
384,814.372,0.42959,0.55187,0.83587,0.97387,1,0.995,0.95391,0.34112,0.48054,0.79062,4.33785e-05,4.33785e-05,4.33785e-05
385,816.452,0.4598,0.56803,0.81953,0.97387,1,0.995,0.95391,0.34112,0.48054,0.79062,4.13168e-05,4.13168e-05,4.13168e-05
386,818.566,0.41067,0.50881,0.85792,0.97427,1,0.995,0.94563,0.34964,0.48638,0.79063,3.92551e-05,3.92551e-05,3.92551e-05
387,820.678,0.45276,0.54123,0.81766,0.97427,1,0.995,0.94563,0.34964,0.48638,0.79063,3.71935e-05,3.71935e-05,3.71935e-05
388,822.903,0.39876,0.482,0.84084,0.97373,1,0.995,0.94565,0.35692,0.4855,0.79168,3.51318e-05,3.51318e-05,3.51318e-05
389,825.035,0.40778,0.62246,0.85029,0.97373,1,0.995,0.94565,0.35692,0.4855,0.79168,3.30701e-05,3.30701e-05,3.30701e-05
390,827.234,0.42167,0.54397,0.7809,0.97385,1,0.995,0.94564,0.35923,0.49171,0.79228,3.10084e-05,3.10084e-05,3.10084e-05
391,829.331,0.39172,0.50077,0.77687,0.97385,1,0.995,0.94564,0.35923,0.49171,0.79228,2.89468e-05,2.89468e-05,2.89468e-05
392,831.464,0.37827,0.51509,0.83867,0.9748,1,0.995,0.94564,0.35724,0.49329,0.79232,2.68851e-05,2.68851e-05,2.68851e-05
393,833.55,0.38511,0.52342,0.89044,0.9748,1,0.995,0.94564,0.35724,0.49329,0.79232,2.48234e-05,2.48234e-05,2.48234e-05
394,835.653,0.40295,0.551,0.82686,0.97458,1,0.995,0.94563,0.35513,0.49169,0.7915,2.27617e-05,2.27617e-05,2.27617e-05
395,837.687,0.37566,0.59036,0.79524,0.97458,1,0.995,0.94563,0.35513,0.49169,0.7915,2.07001e-05,2.07001e-05,2.07001e-05
396,839.717,0.31971,0.49895,0.82538,0.97441,1,0.995,0.92906,0.35146,0.48992,0.79121,1.86384e-05,1.86384e-05,1.86384e-05
397,841.768,0.43984,0.48798,0.836,0.97441,1,0.995,0.92906,0.35146,0.48992,0.79121,1.65767e-05,1.65767e-05,1.65767e-05
398,843.84,0.42104,0.57587,0.807,0.97428,1,0.995,0.92067,0.34517,0.48822,0.79121,1.4515e-05,1.4515e-05,1.4515e-05
399,845.852,0.38699,0.51351,0.85887,0.97428,1,0.995,0.92067,0.34517,0.48822,0.79121,1.24534e-05,1.24534e-05,1.24534e-05
400,847.969,0.40586,0.51826,0.83138,0.97418,1,0.995,0.92067,0.34119,0.48885,0.79156,1.03917e-05,1.03917e-05,1.03917e-05
